,serial_num,time,shi_name,type
136247,7984352823,2018-08-06 01:56:04,洛阳市,start
132143,7984352848,2018-08-06 01:56:05,洛阳市,start
133027,7983971348,2018-08-07 00:08:23,洛阳市,start
137368,7984019902,2018-08-07 00:34:07,洛阳市,start
133487,7984352172,2018-08-07 01:55:52,洛阳市,start
133241,7984505196,2018-08-07 02:49:24,洛阳市,start
71768,7983538915,2018-08-07 23:04:01,安阳市,start
71800,7983538916,2018-08-07 23:04:01,安阳市,start
65034,7983793074,2018-08-08 00:09:01,三门峡市,start
169659,7983843256,2018-08-08 00:11:04,濮阳市,start
65034,7983793074,2018-08-08 00:12:45,三门峡市,end
65034,7983793074,2018-08-08 00:12:45,三门峡市,end
65034,7983793074,2018-08-08 00:12:45,三门峡市,end
170586,7983904668,2018-08-08 00:14:21,济源市,start
171143,7983904692,2018-08-08 00:14:21,济源市,start
148678,7983909174,2018-08-08 00:14:30,信阳市,start
171150,7983916686,2018-08-08 00:14:55,济源市,start
171165,7983916690,2018-08-08 00:14:55,济源市,start
171165,7983916690,2018-08-08 00:15:44,济源市,end
171165,7983916690,2018-08-08 00:15:44,济源市,end
171165,7983916690,2018-08-08 00:15:44,济源市,end
148678,7983909174,2018-08-08 00:16:06,信阳市,end
148678,7983909174,2018-08-08 00:16:06,信阳市,end
148678,7983909174,2018-08-08 00:16:06,信阳市,end
171143,7983904692,2018-08-08 00:16:54,济源市,end
171143,7983904692,2018-08-08 00:16:54,济源市,end
171143,7983904692,2018-08-08 00:16:54,济源市,end
170586,7983904668,2018-08-08 00:16:56,济源市,end
170586,7983904668,2018-08-08 00:16:56,济源市,end
170586,7983904668,2018-08-08 00:16:56,济源市,end
171150,7983916686,2018-08-08 00:17:28,济源市,end
171150,7983916686,2018-08-08 00:17:28,济源市,end
171150,7983916686,2018-08-08 00:17:28,济源市,end
65035,7983963362,2018-08-08 00:20:05,三门峡市,start
65035,7983963362,2018-08-08 00:20:49,三门峡市,end
65035,7983963362,2018-08-08 00:20:49,三门峡市,end
65035,7983963362,2018-08-08 00:20:49,三门峡市,end
65036,7983977395,2018-08-08 00:25:05,三门峡市,start
169659,7983843256,2018-08-08 00:27:48,濮阳市,end
169659,7983843256,2018-08-08 00:27:48,濮阳市,end
169659,7983843256,2018-08-08 00:27:48,濮阳市,end
65036,7983977395,2018-08-08 00:29:05,三门峡市,end
65036,7983977395,2018-08-08 00:29:05,三门峡市,end
65036,7983977395,2018-08-08 00:29:05,三门峡市,end
74990,7984016919,2018-08-08 00:33:29,安阳市,start
65037,7984032804,2018-08-08 00:37:21,三门峡市,start
65037,7984032804,2018-08-08 00:39:05,三门峡市,end
65037,7984032804,2018-08-08 00:39:05,三门峡市,end
65037,7984032804,2018-08-08 00:39:05,三门峡市,end
169217,7984040176,2018-08-08 00:39:34,濮阳市,start
170177,7984047352,2018-08-08 00:41:33,濮阳市,start
65038,7984062942,2018-08-08 00:44:33,三门峡市,start
65038,7984062942,2018-08-08 00:45:01,三门峡市,end
65038,7984062942,2018-08-08 00:45:01,三门峡市,end
65038,7984062942,2018-08-08 00:45:01,三门峡市,end
65039,7984097264,2018-08-08 00:53:01,三门峡市,start
65039,7984097264,2018-08-08 00:53:05,三门峡市,end
65039,7984097264,2018-08-08 00:53:05,三门峡市,end
65039,7984097264,2018-08-08 00:53:05,三门峡市,end
65040,7984137287,2018-08-08 00:58:33,三门峡市,start
169217,7984040176,2018-08-08 00:59:59,濮阳市,end
169217,7984040176,2018-08-08 00:59:59,濮阳市,end
169217,7984040176,2018-08-08 00:59:59,濮阳市,end
65040,7984137287,2018-08-08 01:01:21,三门峡市,end
65040,7984137287,2018-08-08 01:01:21,三门峡市,end
65040,7984137287,2018-08-08 01:01:21,三门峡市,end
161975,7984156205,2018-08-08 01:02:06,鹤壁市,start
65041,7984180364,2018-08-08 01:06:33,三门峡市,start
160993,7984183576,2018-08-08 01:08:33,鹤壁市,start
65041,7984180364,2018-08-08 01:09:25,三门峡市,end
65041,7984180364,2018-08-08 01:09:25,三门峡市,end
65041,7984180364,2018-08-08 01:09:25,三门峡市,end
65042,7984228000,2018-08-08 01:14:33,三门峡市,start
65042,7984228000,2018-08-08 01:17:25,三门峡市,end
65042,7984228000,2018-08-08 01:17:25,三门峡市,end
65042,7984228000,2018-08-08 01:17:25,三门峡市,end
65043,7984248095,2018-08-08 01:22:33,三门峡市,start
65043,7984248095,2018-08-08 01:25:21,三门峡市,end
65043,7984248095,2018-08-08 01:25:21,三门峡市,end
65043,7984248095,2018-08-08 01:25:21,三门峡市,end
107508,7984273220,2018-08-08 01:29:35,洛阳市,start
65044,7984275499,2018-08-08 01:30:33,三门峡市,start
74990,7984016919,2018-08-08 01:33:17,安阳市,end
74990,7984016919,2018-08-08 01:33:17,安阳市,end
74990,7984016919,2018-08-08 01:33:17,安阳市,end
65044,7984275499,2018-08-08 01:33:25,三门峡市,end
65044,7984275499,2018-08-08 01:33:25,三门峡市,end
65044,7984275499,2018-08-08 01:33:25,三门峡市,end
107508,7984273220,2018-08-08 01:34:23,洛阳市,end
107508,7984273220,2018-08-08 01:34:23,洛阳市,end
107508,7984273220,2018-08-08 01:34:23,洛阳市,end
65045,7984303666,2018-08-08 01:41:33,三门峡市,start
137743,7984308675,2018-08-08 01:43:55,洛阳市,start
65045,7984303666,2018-08-08 01:49:41,三门峡市,end
65045,7984303666,2018-08-08 01:49:41,三门峡市,end
65045,7984303666,2018-08-08 01:49:41,三门峡市,end
65046,7984352794,2018-08-08 01:56:01,三门峡市,start
162031,7984361462,2018-08-08 01:59:45,鹤壁市,start
170164,7984370792,2018-08-08 02:02:33,濮阳市,start
145965,7984378865,2018-08-08 02:04:31,信阳市,start
137743,7984308675,2018-08-08 02:05:27,洛阳市,end
137743,7984308675,2018-08-08 02:05:27,洛阳市,end
137743,7984308675,2018-08-08 02:05:27,洛阳市,end
65046,7984352794,2018-08-08 02:06:05,三门峡市,end
65046,7984352794,2018-08-08 02:06:05,三门峡市,end
65046,7984352794,2018-08-08 02:06:05,三门峡市,end
145965,7984378865,2018-08-08 02:06:07,信阳市,end
145965,7984378865,2018-08-08 02:06:07,信阳市,end
145965,7984378865,2018-08-08 02:06:07,信阳市,end
159691,7984392890,2018-08-08 02:08:24,焦作市,start
137745,7984402058,2018-08-08 02:11:55,洛阳市,start
65047,7984404203,2018-08-08 02:12:33,三门峡市,start
65047,7984404203,2018-08-08 02:14:09,三门峡市,end
65047,7984404203,2018-08-08 02:14:09,三门峡市,end
65047,7984404203,2018-08-08 02:14:09,三门峡市,end
71933,7984417162,2018-08-08 02:17:12,安阳市,start
167202,7984416777,2018-08-08 02:17:16,新乡市,start
148681,7984417442,2018-08-08 02:17:30,信阳市,start
75970,7984417602,2018-08-08 02:17:42,安阳市,start
167202,7984416777,2018-08-08 02:19:05,新乡市,end
167202,7984416777,2018-08-08 02:19:05,新乡市,end
167202,7984416777,2018-08-08 02:19:05,新乡市,end
148681,7984417442,2018-08-08 02:19:06,信阳市,end
148681,7984417442,2018-08-08 02:19:06,信阳市,end
148681,7984417442,2018-08-08 02:19:06,信阳市,end
65048,7984430346,2018-08-08 02:22:33,三门峡市,start
75970,7984417602,2018-08-08 02:24:09,安阳市,end
75970,7984417602,2018-08-08 02:24:09,安阳市,end
75970,7984417602,2018-08-08 02:24:09,安阳市,end
71933,7984417162,2018-08-08 02:24:48,安阳市,end
71933,7984417162,2018-08-08 02:24:48,安阳市,end
71933,7984417162,2018-08-08 02:24:48,安阳市,end
137745,7984402058,2018-08-08 02:26:03,洛阳市,end
137745,7984402058,2018-08-08 02:26:03,洛阳市,end
137745,7984402058,2018-08-08 02:26:03,洛阳市,end
65048,7984430346,2018-08-08 02:30:13,三门峡市,end
65048,7984430346,2018-08-08 02:30:13,三门峡市,end
65048,7984430346,2018-08-08 02:30:13,三门峡市,end
137747,7984455819,2018-08-08 02:32:23,洛阳市,start
167161,7984458405,2018-08-08 02:33:40,新乡市,start
65049,7984463624,2018-08-08 02:35:33,三门峡市,start
167161,7984458405,2018-08-08 02:35:40,新乡市,end
167161,7984458405,2018-08-08 02:35:40,新乡市,end
167161,7984458405,2018-08-08 02:35:40,新乡市,end
148682,7984471011,2018-08-08 02:38:25,信阳市,start
65049,7984463624,2018-08-08 02:38:25,三门峡市,end
65049,7984463624,2018-08-08 02:38:25,三门峡市,end
65049,7984463624,2018-08-08 02:38:25,三门峡市,end
148682,7984471011,2018-08-08 02:40:06,信阳市,end
148682,7984471011,2018-08-08 02:40:06,信阳市,end
148682,7984471011,2018-08-08 02:40:06,信阳市,end
133434,7984506270,2018-08-08 02:49:52,洛阳市,start
133324,7984506271,2018-08-08 02:49:52,洛阳市,start
132217,7984508190,2018-08-08 02:50:04,洛阳市,start
170174,7984510131,2018-08-08 02:50:32,濮阳市,start
65050,7984511722,2018-08-08 02:51:33,三门峡市,start
139579,7984532986,2018-08-08 02:58:53,洛阳市,start
65050,7984511722,2018-08-08 03:02:25,三门峡市,end
65050,7984511722,2018-08-08 03:02:25,三门峡市,end
65050,7984511722,2018-08-08 03:02:25,三门峡市,end
139579,7984532986,2018-08-08 03:04:29,洛阳市,end
139579,7984532986,2018-08-08 03:04:29,洛阳市,end
139579,7984532986,2018-08-08 03:04:29,洛阳市,end
159447,7984571282,2018-08-08 03:12:52,焦作市,start
65051,7984574979,2018-08-08 03:14:33,三门峡市,start
65051,7984574979,2018-08-08 03:18:41,三门峡市,end
65051,7984574979,2018-08-08 03:18:41,三门峡市,end
65051,7984574979,2018-08-08 03:18:41,三门峡市,end
127916,7984589552,2018-08-08 03:20:23,洛阳市,start
132389,7984598619,2018-08-08 03:23:35,洛阳市,start
148683,7984599164,2018-08-08 03:23:46,信阳市,start
134214,7984599882,2018-08-08 03:23:52,洛阳市,start
148683,7984599164,2018-08-08 03:25:34,信阳市,end
148683,7984599164,2018-08-08 03:25:34,信阳市,end
148683,7984599164,2018-08-08 03:25:34,信阳市,end
65052,7984630079,2018-08-08 03:34:05,三门峡市,start
65052,7984630079,2018-08-08 03:42:57,三门峡市,end
65052,7984630079,2018-08-08 03:42:57,三门峡市,end
65052,7984630079,2018-08-08 03:42:57,三门峡市,end
127916,7984589552,2018-08-08 03:46:50,洛阳市,end
127916,7984589552,2018-08-08 03:46:50,洛阳市,end
127916,7984589552,2018-08-08 03:46:50,洛阳市,end
65053,7984675222,2018-08-08 03:48:01,三门峡市,start
169677,7984675294,2018-08-08 03:48:04,濮阳市,start
65053,7984675222,2018-08-08 03:50:49,三门峡市,end
65053,7984675222,2018-08-08 03:50:49,三门峡市,end
65053,7984675222,2018-08-08 03:50:49,三门峡市,end
148684,7984685039,2018-08-08 03:52:02,信阳市,start
148684,7984685039,2018-08-08 03:52:05,信阳市,end
148684,7984685039,2018-08-08 03:52:05,信阳市,end
148684,7984685039,2018-08-08 03:52:05,信阳市,end
169677,7984675294,2018-08-08 03:54:20,濮阳市,end
169677,7984675294,2018-08-08 03:54:20,濮阳市,end
169677,7984675294,2018-08-08 03:54:20,濮阳市,end
65054,7984728585,2018-08-08 04:03:01,三门峡市,start
166128,7984748841,2018-08-08 04:06:00,新乡市,start
65054,7984728585,2018-08-08 04:07:09,三门峡市,end
65054,7984728585,2018-08-08 04:07:09,三门峡市,end
65054,7984728585,2018-08-08 04:07:09,三门峡市,end
146219,7984754909,2018-08-08 04:07:43,信阳市,start
149703,7984755742,2018-08-08 04:07:58,商丘市,start
149683,7984755741,2018-08-08 04:07:58,商丘市,start
149703,7984755742,2018-08-08 04:11:29,商丘市,end
149703,7984755742,2018-08-08 04:11:29,商丘市,end
149703,7984755742,2018-08-08 04:11:29,商丘市,end
65055,7984780931,2018-08-08 04:15:21,三门峡市,start
65055,7984780931,2018-08-08 04:17:05,三门峡市,end
65055,7984780931,2018-08-08 04:17:05,三门峡市,end
65055,7984780931,2018-08-08 04:17:05,三门峡市,end
94706,7984789590,2018-08-08 04:18:05,洛阳市,start
94706,7984789590,2018-08-08 04:18:12,洛阳市,end
94706,7984789590,2018-08-08 04:18:12,洛阳市,end
94706,7984789590,2018-08-08 04:18:12,洛阳市,end
149713,7984792116,2018-08-08 04:19:01,商丘市,start
65056,7984795411,2018-08-08 04:20:33,三门峡市,start
65056,7984795411,2018-08-08 04:39:25,三门峡市,end
65056,7984795411,2018-08-08 04:39:25,三门峡市,end
65056,7984795411,2018-08-08 04:39:25,三门峡市,end
148685,7984853773,2018-08-08 04:42:54,信阳市,start
148685,7984853773,2018-08-08 04:44:33,信阳市,end
148685,7984853773,2018-08-08 04:44:33,信阳市,end
148685,7984853773,2018-08-08 04:44:33,信阳市,end
65057,7984854427,2018-08-08 04:44:33,三门峡市,start
65057,7984854427,2018-08-08 04:47:25,三门峡市,end
65057,7984854427,2018-08-08 04:47:25,三门峡市,end
65057,7984854427,2018-08-08 04:47:25,三门峡市,end
65058,7984886654,2018-08-08 04:54:33,三门峡市,start
65058,7984886654,2018-08-08 04:56:05,三门峡市,end
65058,7984886654,2018-08-08 04:56:05,三门峡市,end
65058,7984886654,2018-08-08 04:56:05,三门峡市,end
65059,7984902198,2018-08-08 05:00:33,三门峡市,start
162032,7984911193,2018-08-08 05:04:04,鹤壁市,start
65059,7984902198,2018-08-08 05:04:05,三门峡市,end
65059,7984902198,2018-08-08 05:04:05,三门峡市,end
65059,7984902198,2018-08-08 05:04:05,三门峡市,end
162045,7984919630,2018-08-08 05:07:02,鹤壁市,start
148686,7984927517,2018-08-08 05:10:01,信阳市,start
148686,7984927517,2018-08-08 05:10:05,信阳市,end
148686,7984927517,2018-08-08 05:10:05,信阳市,end
148686,7984927517,2018-08-08 05:10:05,信阳市,end
103984,7984931449,2018-08-08 05:11:25,洛阳市,start
65060,7984930560,2018-08-08 05:11:33,三门峡市,start
65060,7984930560,2018-08-08 05:11:41,三门峡市,end
65060,7984930560,2018-08-08 05:11:41,三门峡市,end
65060,7984930560,2018-08-08 05:11:41,三门峡市,end
62657,7984934831,2018-08-08 05:12:32,三门峡市,start
65061,7984940225,2018-08-08 05:15:01,三门峡市,start
65061,7984940225,2018-08-08 05:27:53,三门峡市,end
65061,7984940225,2018-08-08 05:27:53,三门峡市,end
65061,7984940225,2018-08-08 05:27:53,三门峡市,end
170164,7984370792,2018-08-08 05:28:49,濮阳市,end
170164,7984370792,2018-08-08 05:28:49,濮阳市,end
170164,7984370792,2018-08-08 05:28:49,濮阳市,end
149803,7984977672,2018-08-08 05:29:21,商丘市,start
149794,7984979302,2018-08-08 05:29:50,商丘市,start
158802,7984989246,2018-08-08 05:32:44,焦作市,start
132866,7984989974,2018-08-08 05:33:05,洛阳市,start
148687,7984990601,2018-08-08 05:33:26,信阳市,start
148687,7984990601,2018-08-08 05:35:05,信阳市,end
148687,7984990601,2018-08-08 05:35:05,信阳市,end
148687,7984990601,2018-08-08 05:35:05,信阳市,end
158802,7984989246,2018-08-08 05:35:31,焦作市,end
158802,7984989246,2018-08-08 05:35:31,焦作市,end
158802,7984989246,2018-08-08 05:35:31,焦作市,end
65062,7984998938,2018-08-08 05:36:01,三门峡市,start
65062,7984998938,2018-08-08 05:36:09,三门峡市,end
65062,7984998938,2018-08-08 05:36:09,三门峡市,end
65062,7984998938,2018-08-08 05:36:09,三门峡市,end
166945,7985003377,2018-08-08 05:37:24,新乡市,start
160993,7984183576,2018-08-08 05:39:01,鹤壁市,end
160993,7984183576,2018-08-08 05:39:01,鹤壁市,end
160993,7984183576,2018-08-08 05:39:01,鹤壁市,end
166424,7985015846,2018-08-08 05:42:00,新乡市,start
65063,7985022851,2018-08-08 05:44:13,三门峡市,start
103984,7984931449,2018-08-08 05:45:06,洛阳市,end
103984,7984931449,2018-08-08 05:45:06,洛阳市,end
103984,7984931449,2018-08-08 05:45:06,洛阳市,end
65063,7985022851,2018-08-08 05:46:05,三门峡市,end
65063,7985022851,2018-08-08 05:46:05,三门峡市,end
65063,7985022851,2018-08-08 05:46:05,三门峡市,end
137747,7984455819,2018-08-08 05:47:59,洛阳市,end
137747,7984455819,2018-08-08 05:47:59,洛阳市,end
137747,7984455819,2018-08-08 05:47:59,洛阳市,end
65064,7985033476,2018-08-08 05:49:33,三门峡市,start
134051,7985040073,2018-08-08 05:52:04,洛阳市,start
65064,7985033476,2018-08-08 05:52:25,三门峡市,end
65064,7985033476,2018-08-08 05:52:25,三门峡市,end
65064,7985033476,2018-08-08 05:52:25,三门峡市,end
133942,7985040630,2018-08-08 05:52:35,洛阳市,start
65065,7985054624,2018-08-08 05:56:33,三门峡市,start
147922,7985056009,2018-08-08 05:56:46,信阳市,start
162058,7985056544,2018-08-08 05:57:02,鹤壁市,start
166128,7984748841,2018-08-08 05:59:41,新乡市,end
166128,7984748841,2018-08-08 05:59:41,新乡市,end
166128,7984748841,2018-08-08 05:59:41,新乡市,end
65065,7985054624,2018-08-08 06:00:13,三门峡市,end
65065,7985054624,2018-08-08 06:00:13,三门峡市,end
65065,7985054624,2018-08-08 06:00:13,三门峡市,end
149804,7985074434,2018-08-08 06:03:29,商丘市,start
148688,7985078502,2018-08-08 06:04:50,信阳市,start
133942,7985040630,2018-08-08 06:05:03,洛阳市,end
133942,7985040630,2018-08-08 06:05:03,洛阳市,end
133942,7985040630,2018-08-08 06:05:03,洛阳市,end
134051,7985040073,2018-08-08 06:05:40,洛阳市,end
134051,7985040073,2018-08-08 06:05:40,洛阳市,end
134051,7985040073,2018-08-08 06:05:40,洛阳市,end
148688,7985078502,2018-08-08 06:06:34,信阳市,end
148688,7985078502,2018-08-08 06:06:34,信阳市,end
148688,7985078502,2018-08-08 06:06:34,信阳市,end
158810,7985084145,2018-08-08 06:06:48,焦作市,start
158810,7985084145,2018-08-08 06:10:48,焦作市,end
158810,7985084145,2018-08-08 06:10:48,焦作市,end
158810,7985084145,2018-08-08 06:10:48,焦作市,end
162078,7985097218,2018-08-08 06:11:04,鹤壁市,start
162068,7985096183,2018-08-08 06:11:04,鹤壁市,start
162091,7985097264,2018-08-08 06:11:06,鹤壁市,start
162031,7984361462,2018-08-08 06:12:54,鹤壁市,end
162031,7984361462,2018-08-08 06:12:54,鹤壁市,end
162031,7984361462,2018-08-08 06:12:54,鹤壁市,end
65066,7985105084,2018-08-08 06:14:01,三门峡市,start
170174,7984510131,2018-08-08 06:15:24,濮阳市,end
170174,7984510131,2018-08-08 06:15:24,濮阳市,end
170174,7984510131,2018-08-08 06:15:24,濮阳市,end
162058,7985056544,2018-08-08 06:16:03,鹤壁市,end
162058,7985056544,2018-08-08 06:16:03,鹤壁市,end
162058,7985056544,2018-08-08 06:16:03,鹤壁市,end
65066,7985105084,2018-08-08 06:16:25,三门峡市,end
65066,7985105084,2018-08-08 06:16:25,三门峡市,end
65066,7985105084,2018-08-08 06:16:25,三门峡市,end
162091,7985097264,2018-08-08 06:16:42,鹤壁市,end
162091,7985097264,2018-08-08 06:16:42,鹤壁市,end
162091,7985097264,2018-08-08 06:16:42,鹤壁市,end
162078,7985097218,2018-08-08 06:16:44,鹤壁市,end
162068,7985096183,2018-08-08 06:16:44,鹤壁市,end
162068,7985096183,2018-08-08 06:16:44,鹤壁市,end
162068,7985096183,2018-08-08 06:16:44,鹤壁市,end
162078,7985097218,2018-08-08 06:16:44,鹤壁市,end
162078,7985097218,2018-08-08 06:16:44,鹤壁市,end
132883,7985114283,2018-08-08 06:17:35,洛阳市,start
162045,7984919630,2018-08-08 06:18:42,鹤壁市,end
162045,7984919630,2018-08-08 06:18:42,鹤壁市,end
162045,7984919630,2018-08-08 06:18:42,鹤壁市,end
148689,7985121391,2018-08-08 06:19:54,信阳市,start
170177,7984047352,2018-08-08 06:20:32,濮阳市,end
170177,7984047352,2018-08-08 06:20:32,濮阳市,end
170177,7984047352,2018-08-08 06:20:32,濮阳市,end
146219,7984754909,2018-08-08 06:21:27,信阳市,end
146219,7984754909,2018-08-08 06:21:27,信阳市,end
146219,7984754909,2018-08-08 06:21:27,信阳市,end
65067,7985124638,2018-08-08 06:21:33,三门峡市,start
148689,7985121391,2018-08-08 06:21:34,信阳市,end
148689,7985121391,2018-08-08 06:21:34,信阳市,end
148689,7985121391,2018-08-08 06:21:34,信阳市,end
149803,7984977672,2018-08-08 06:21:41,商丘市,end
149803,7984977672,2018-08-08 06:21:41,商丘市,end
149803,7984977672,2018-08-08 06:21:41,商丘市,end
149794,7984979302,2018-08-08 06:21:45,商丘市,end
149794,7984979302,2018-08-08 06:21:45,商丘市,end
149794,7984979302,2018-08-08 06:21:45,商丘市,end
162032,7984911193,2018-08-08 06:24:23,鹤壁市,end
162032,7984911193,2018-08-08 06:24:23,鹤壁市,end
162032,7984911193,2018-08-08 06:24:23,鹤壁市,end
65067,7985124638,2018-08-08 06:33:09,三门峡市,end
65067,7985124638,2018-08-08 06:33:09,三门峡市,end
65067,7985124638,2018-08-08 06:33:09,三门峡市,end
148690,7985163597,2018-08-08 06:36:01,信阳市,start
148690,7985163597,2018-08-08 06:36:05,信阳市,end
148690,7985163597,2018-08-08 06:36:05,信阳市,end
148690,7985163597,2018-08-08 06:36:05,信阳市,end
170175,7985167402,2018-08-08 06:37:32,濮阳市,start
166424,7985015846,2018-08-08 06:39:33,新乡市,end
166424,7985015846,2018-08-08 06:39:33,新乡市,end
166424,7985015846,2018-08-08 06:39:33,新乡市,end
65068,7985175975,2018-08-08 06:40:33,三门峡市,start
170175,7985167402,2018-08-08 06:45:40,濮阳市,end
170175,7985167402,2018-08-08 06:45:40,濮阳市,end
170175,7985167402,2018-08-08 06:45:40,濮阳市,end
137368,7984019902,2018-08-08 06:46:35,洛阳市,end
137368,7984019902,2018-08-08 06:46:35,洛阳市,end
137368,7984019902,2018-08-08 06:46:35,洛阳市,end
150627,7985197430,2018-08-08 06:47:09,商丘市,start
132389,7984598619,2018-08-08 06:47:15,洛阳市,end
132389,7984598619,2018-08-08 06:47:15,洛阳市,end
132389,7984598619,2018-08-08 06:47:15,洛阳市,end
134214,7984599882,2018-08-08 06:47:28,洛阳市,end
134214,7984599882,2018-08-08 06:47:28,洛阳市,end
134214,7984599882,2018-08-08 06:47:28,洛阳市,end
150628,7985199130,2018-08-08 06:47:38,商丘市,start
150638,7985199131,2018-08-08 06:47:38,商丘市,start
65068,7985175975,2018-08-08 06:48:41,三门峡市,end
65068,7985175975,2018-08-08 06:48:41,三门峡市,end
65068,7985175975,2018-08-08 06:48:41,三门峡市,end
132883,7985114283,2018-08-08 06:51:43,洛阳市,end
132883,7985114283,2018-08-08 06:51:43,洛阳市,end
132883,7985114283,2018-08-08 06:51:43,洛阳市,end
147922,7985056009,2018-08-08 06:53:13,信阳市,end
147922,7985056009,2018-08-08 06:53:13,信阳市,end
147922,7985056009,2018-08-08 06:53:13,信阳市,end
132217,7984508190,2018-08-08 06:54:12,洛阳市,end
132217,7984508190,2018-08-08 06:54:12,洛阳市,end
132217,7984508190,2018-08-08 06:54:12,洛阳市,end
133241,7984505196,2018-08-08 06:54:17,洛阳市,end
133241,7984505196,2018-08-08 06:54:17,洛阳市,end
133241,7984505196,2018-08-08 06:54:17,洛阳市,end
133324,7984506271,2018-08-08 06:54:25,洛阳市,end
133324,7984506271,2018-08-08 06:54:25,洛阳市,end
133434,7984506270,2018-08-08 06:54:25,洛阳市,end
133434,7984506270,2018-08-08 06:54:25,洛阳市,end
133324,7984506271,2018-08-08 06:54:25,洛阳市,end
133434,7984506270,2018-08-08 06:54:25,洛阳市,end
133027,7983971348,2018-08-08 06:55:19,洛阳市,end
133027,7983971348,2018-08-08 06:55:19,洛阳市,end
133027,7983971348,2018-08-08 06:55:19,洛阳市,end
132866,7984989974,2018-08-08 06:56:45,洛阳市,end
132866,7984989974,2018-08-08 06:56:45,洛阳市,end
132866,7984989974,2018-08-08 06:56:45,洛阳市,end
150627,7985197430,2018-08-08 06:57:18,商丘市,end
150627,7985197430,2018-08-08 06:57:18,商丘市,end
150627,7985197430,2018-08-08 06:57:18,商丘市,end
149713,7984792116,2018-08-08 06:57:45,商丘市,end
149713,7984792116,2018-08-08 06:57:45,商丘市,end
149713,7984792116,2018-08-08 06:57:45,商丘市,end
150638,7985199131,2018-08-08 06:58:25,商丘市,end
150638,7985199131,2018-08-08 06:58:25,商丘市,end
150638,7985199131,2018-08-08 06:58:25,商丘市,end
169689,7985235648,2018-08-08 06:59:01,濮阳市,start
169702,7985235649,2018-08-08 06:59:01,濮阳市,start
169061,7985237840,2018-08-08 06:59:41,濮阳市,start
150628,7985199130,2018-08-08 06:59:53,商丘市,end
150628,7985199130,2018-08-08 06:59:53,商丘市,end
150628,7985199130,2018-08-08 06:59:53,商丘市,end
149683,7984755741,2018-08-08 07:01:02,商丘市,end
149683,7984755741,2018-08-08 07:01:02,商丘市,end
149683,7984755741,2018-08-08 07:01:02,商丘市,end
65069,7985244802,2018-08-08 07:02:01,三门峡市,start
169702,7985235649,2018-08-08 07:04:36,濮阳市,end
169702,7985235649,2018-08-08 07:04:36,濮阳市,end
169702,7985235649,2018-08-08 07:04:36,濮阳市,end
65069,7985244802,2018-08-08 07:04:57,三门峡市,end
65069,7985244802,2018-08-08 07:04:57,三门峡市,end
65069,7985244802,2018-08-08 07:04:57,三门峡市,end
148691,7985252569,2018-08-08 07:05:02,信阳市,start
148691,7985252569,2018-08-08 07:05:06,信阳市,end
148691,7985252569,2018-08-08 07:05:06,信阳市,end
148691,7985252569,2018-08-08 07:05:06,信阳市,end
126766,7985254186,2018-08-08 07:05:07,洛阳市,start
169689,7985235648,2018-08-08 07:05:33,濮阳市,end
169689,7985235648,2018-08-08 07:05:33,濮阳市,end
169689,7985235648,2018-08-08 07:05:33,濮阳市,end
169061,7985237840,2018-08-08 07:05:50,濮阳市,end
169061,7985237840,2018-08-08 07:05:50,濮阳市,end
169061,7985237840,2018-08-08 07:05:50,濮阳市,end
136247,7984352823,2018-08-08 07:07:44,洛阳市,end
136247,7984352823,2018-08-08 07:07:44,洛阳市,end
136247,7984352823,2018-08-08 07:07:44,洛阳市,end
132143,7984352848,2018-08-08 07:07:45,洛阳市,end
132143,7984352848,2018-08-08 07:07:45,洛阳市,end
132143,7984352848,2018-08-08 07:07:45,洛阳市,end
133487,7984352172,2018-08-08 07:07:56,洛阳市,end
133487,7984352172,2018-08-08 07:07:56,洛阳市,end
133487,7984352172,2018-08-08 07:07:56,洛阳市,end
65070,7985267763,2018-08-08 07:10:01,三门峡市,start
159750,7985275108,2018-08-08 07:12:24,焦作市,start
65070,7985267763,2018-08-08 07:12:57,三门峡市,end
65070,7985267763,2018-08-08 07:12:57,三门峡市,end
65070,7985267763,2018-08-08 07:12:57,三门峡市,end
132953,7985279767,2018-08-08 07:14:07,洛阳市,start
159750,7985275108,2018-08-08 07:14:47,焦作市,end
159750,7985275108,2018-08-08 07:14:47,焦作市,end
159750,7985275108,2018-08-08 07:14:47,焦作市,end
165835,7985289058,2018-08-08 07:17:01,新乡市,start
65071,7985291153,2018-08-08 07:18:01,三门峡市,start
159751,7985294917,2018-08-08 07:19:20,焦作市,start
148692,7985294954,2018-08-08 07:19:21,信阳市,start
148692,7985294954,2018-08-08 07:21:06,信阳市,end
148692,7985294954,2018-08-08 07:21:06,信阳市,end
148692,7985294954,2018-08-08 07:21:06,信阳市,end
65071,7985291153,2018-08-08 07:21:37,三门峡市,end
65071,7985291153,2018-08-08 07:21:37,三门峡市,end
65071,7985291153,2018-08-08 07:21:37,三门峡市,end
159751,7985294917,2018-08-08 07:22:59,焦作市,end
159751,7985294917,2018-08-08 07:22:59,焦作市,end
159751,7985294917,2018-08-08 07:22:59,焦作市,end
165835,7985289058,2018-08-08 07:23:08,新乡市,end
165835,7985289058,2018-08-08 07:23:08,新乡市,end
165835,7985289058,2018-08-08 07:23:08,新乡市,end
159752,7985317578,2018-08-08 07:27:15,焦作市,start
65072,7985320941,2018-08-08 07:28:01,三门峡市,start
105765,7985321514,2018-08-08 07:28:24,洛阳市,start
159752,7985317578,2018-08-08 07:29:28,焦作市,end
159752,7985317578,2018-08-08 07:29:28,焦作市,end
159752,7985317578,2018-08-08 07:29:28,焦作市,end
65072,7985320941,2018-08-08 07:29:37,三门峡市,end
65072,7985320941,2018-08-08 07:29:37,三门峡市,end
65072,7985320941,2018-08-08 07:29:37,三门峡市,end
159753,7985338280,2018-08-08 07:33:28,焦作市,start
148693,7985341844,2018-08-08 07:34:34,信阳市,start
159753,7985338280,2018-08-08 07:35:07,焦作市,end
159753,7985338280,2018-08-08 07:35:07,焦作市,end
159753,7985338280,2018-08-08 07:35:07,焦作市,end
148693,7985341844,2018-08-08 07:36:34,信阳市,end
148693,7985341844,2018-08-08 07:36:34,信阳市,end
148693,7985341844,2018-08-08 07:36:34,信阳市,end
159754,7985357296,2018-08-08 07:39:16,焦作市,start
159754,7985357296,2018-08-08 07:42:40,焦作市,end
159754,7985357296,2018-08-08 07:42:40,焦作市,end
159754,7985357296,2018-08-08 07:42:40,焦作市,end
159755,7985379617,2018-08-08 07:46:36,焦作市,start
159755,7985379617,2018-08-08 07:48:31,焦作市,end
159755,7985379617,2018-08-08 07:48:31,焦作市,end
169716,7985385300,2018-08-08 07:48:31,濮阳市,start
159755,7985379617,2018-08-08 07:48:31,焦作市,end
115468,7985389602,2018-08-08 07:49:53,洛阳市,start
118837,7985389628,2018-08-08 07:49:53,洛阳市,start
148694,7985390896,2018-08-08 07:50:02,信阳市,start
133038,7985391616,2018-08-08 07:50:23,洛阳市,start
126766,7985254186,2018-08-08 07:50:48,洛阳市,end
126766,7985254186,2018-08-08 07:50:48,洛阳市,end
126766,7985254186,2018-08-08 07:50:48,洛阳市,end
159756,7985393765,2018-08-08 07:50:52,焦作市,start
72887,7985394456,2018-08-08 07:51:20,安阳市,start
148694,7985390896,2018-08-08 07:51:34,信阳市,end
148694,7985390896,2018-08-08 07:51:34,信阳市,end
148694,7985390896,2018-08-08 07:51:34,信阳市,end
133038,7985391616,2018-08-08 07:53:59,洛阳市,end
133038,7985391616,2018-08-08 07:53:59,洛阳市,end
133038,7985391616,2018-08-08 07:53:59,洛阳市,end
62657,7984934831,2018-08-08 07:54:09,三门峡市,end
62657,7984934831,2018-08-08 07:54:09,三门峡市,end
62657,7984934831,2018-08-08 07:54:09,三门峡市,end
159756,7985393765,2018-08-08 07:54:32,焦作市,end
159756,7985393765,2018-08-08 07:54:32,焦作市,end
159756,7985393765,2018-08-08 07:54:32,焦作市,end
112122,7985409640,2018-08-08 07:56:07,洛阳市,start
119477,7985410501,2018-08-08 07:56:35,洛阳市,start
65073,7985415850,2018-08-08 07:58:01,三门峡市,start
72887,7985394456,2018-08-08 07:58:15,安阳市,end
72887,7985394456,2018-08-08 07:58:15,安阳市,end
72887,7985394456,2018-08-08 07:58:15,安阳市,end
159757,7985418184,2018-08-08 07:58:48,焦作市,start
169716,7985385300,2018-08-08 07:59:24,濮阳市,end
169716,7985385300,2018-08-08 07:59:24,濮阳市,end
169716,7985385300,2018-08-08 07:59:24,濮阳市,end
112122,7985409640,2018-08-08 08:00:11,洛阳市,end
112122,7985409640,2018-08-08 08:00:11,洛阳市,end
112122,7985409640,2018-08-08 08:00:11,洛阳市,end
136248,7985431937,2018-08-08 08:01:04,洛阳市,start
132154,7985431890,2018-08-08 08:01:05,洛阳市,start
119477,7985410501,2018-08-08 08:01:23,洛阳市,end
119477,7985410501,2018-08-08 08:01:23,洛阳市,end
119477,7985410501,2018-08-08 08:01:23,洛阳市,end
133491,7985431467,2018-08-08 08:01:24,洛阳市,start
159757,7985418184,2018-08-08 08:02:40,焦作市,end
159757,7985418184,2018-08-08 08:02:40,焦作市,end
159757,7985418184,2018-08-08 08:02:40,焦作市,end
63115,7985435559,2018-08-08 08:03:05,三门峡市,start
63115,7985435559,2018-08-08 08:03:57,三门峡市,end
63115,7985435559,2018-08-08 08:03:57,三门峡市,end
63115,7985435559,2018-08-08 08:03:57,三门峡市,end
159447,7984571282,2018-08-08 08:05:45,焦作市,end
159447,7984571282,2018-08-08 08:05:45,焦作市,end
159447,7984571282,2018-08-08 08:05:45,焦作市,end
148695,7985445140,2018-08-08 08:05:54,信阳市,start
118837,7985389628,2018-08-08 08:06:45,洛阳市,end
118837,7985389628,2018-08-08 08:06:45,洛阳市,end
118837,7985389628,2018-08-08 08:06:45,洛阳市,end
115468,7985389602,2018-08-08 08:07:28,洛阳市,end
115468,7985389602,2018-08-08 08:07:28,洛阳市,end
115468,7985389602,2018-08-08 08:07:28,洛阳市,end
148695,7985445140,2018-08-08 08:07:34,信阳市,end
148695,7985445140,2018-08-08 08:07:34,信阳市,end
148695,7985445140,2018-08-08 08:07:34,信阳市,end
132154,7985431890,2018-08-08 08:07:57,洛阳市,end
132154,7985431890,2018-08-08 08:07:57,洛阳市,end
132154,7985431890,2018-08-08 08:07:57,洛阳市,end
133491,7985431467,2018-08-08 08:08:16,洛阳市,end
133491,7985431467,2018-08-08 08:08:16,洛阳市,end
133491,7985431467,2018-08-08 08:08:16,洛阳市,end
136248,7985431937,2018-08-08 08:08:41,洛阳市,end
136248,7985431937,2018-08-08 08:08:41,洛阳市,end
136248,7985431937,2018-08-08 08:08:41,洛阳市,end
65073,7985415850,2018-08-08 08:09:41,三门峡市,end
65073,7985415850,2018-08-08 08:09:41,三门峡市,end
65073,7985415850,2018-08-08 08:09:41,三门峡市,end
166945,7985003377,2018-08-08 08:11:04,新乡市,end
166945,7985003377,2018-08-08 08:11:04,新乡市,end
166945,7985003377,2018-08-08 08:11:04,新乡市,end
148696,7985485999,2018-08-08 08:19:02,信阳市,start
148696,7985485999,2018-08-08 08:19:06,信阳市,end
148696,7985485999,2018-08-08 08:19:06,信阳市,end
148696,7985485999,2018-08-08 08:19:06,信阳市,end
166954,7985506771,2018-08-08 08:25:52,新乡市,start
166954,7985506771,2018-08-08 08:25:56,新乡市,end
166954,7985506771,2018-08-08 08:25:56,新乡市,end
166954,7985506771,2018-08-08 08:25:56,新乡市,end
105765,7985321514,2018-08-08 08:29:17,洛阳市,end
105765,7985321514,2018-08-08 08:29:17,洛阳市,end
105765,7985321514,2018-08-08 08:29:17,洛阳市,end
166955,7985519537,2018-08-08 08:29:24,新乡市,start
166955,7985519537,2018-08-08 08:31:00,新乡市,end
166955,7985519537,2018-08-08 08:31:00,新乡市,end
166955,7985519537,2018-08-08 08:31:00,新乡市,end
65074,7985526435,2018-08-08 08:31:01,三门峡市,start
125700,7985530032,2018-08-08 08:31:54,洛阳市,start
65074,7985526435,2018-08-08 08:33:49,三门峡市,end
65074,7985526435,2018-08-08 08:33:49,三门峡市,end
65074,7985526435,2018-08-08 08:33:49,三门峡市,end
148697,7985538249,2018-08-08 08:34:26,信阳市,start
166956,7985540582,2018-08-08 08:35:24,新乡市,start
148697,7985538249,2018-08-08 08:36:06,信阳市,end
148697,7985538249,2018-08-08 08:36:06,信阳市,end
148697,7985538249,2018-08-08 08:36:06,信阳市,end
166956,7985540582,2018-08-08 08:37:00,新乡市,end
166956,7985540582,2018-08-08 08:37:00,新乡市,end
166956,7985540582,2018-08-08 08:37:00,新乡市,end
142074,7985557262,2018-08-08 08:40:25,信阳市,start
152881,7985558834,2018-08-08 08:40:49,商丘市,start
142074,7985557262,2018-08-08 08:42:09,信阳市,end
142074,7985557262,2018-08-08 08:42:09,信阳市,end
142074,7985557262,2018-08-08 08:42:09,信阳市,end
152881,7985558834,2018-08-08 08:42:25,商丘市,end
152881,7985558834,2018-08-08 08:42:25,商丘市,end
152881,7985558834,2018-08-08 08:42:25,商丘市,end
148698,7985584033,2018-08-08 08:48:34,信阳市,start
148698,7985584033,2018-08-08 08:48:42,信阳市,end
148698,7985584033,2018-08-08 08:48:42,信阳市,end
148698,7985584033,2018-08-08 08:48:42,信阳市,end
125700,7985530032,2018-08-08 08:51:33,洛阳市,end
125700,7985530032,2018-08-08 08:51:33,洛阳市,end
125700,7985530032,2018-08-08 08:51:33,洛阳市,end
148699,7985627506,2018-08-08 09:02:01,信阳市,start
148699,7985627506,2018-08-08 09:02:05,信阳市,end
148699,7985627506,2018-08-08 09:02:05,信阳市,end
148699,7985627506,2018-08-08 09:02:05,信阳市,end
65075,7985636843,2018-08-08 09:04:33,三门峡市,start
65075,7985636843,2018-08-08 09:14:13,三门峡市,end
65075,7985636843,2018-08-08 09:14:13,三门峡市,end
65075,7985636843,2018-08-08 09:14:13,三门峡市,end
148700,7985688077,2018-08-08 09:17:30,信阳市,start
65076,7985692835,2018-08-08 09:18:33,三门峡市,start
148700,7985688077,2018-08-08 09:19:06,信阳市,end
148700,7985688077,2018-08-08 09:19:06,信阳市,end
148700,7985688077,2018-08-08 09:19:06,信阳市,end
79203,7985705710,2018-08-08 09:22:26,安阳市,start
65076,7985692835,2018-08-08 09:22:33,三门峡市,end
65076,7985692835,2018-08-08 09:22:33,三门峡市,end
65076,7985692835,2018-08-08 09:22:33,三门峡市,end
79203,7985705710,2018-08-08 09:24:03,安阳市,end
79203,7985705710,2018-08-08 09:24:03,安阳市,end
79203,7985705710,2018-08-08 09:24:03,安阳市,end
65077,7985730629,2018-08-08 09:30:01,三门峡市,start
148701,7985737800,2018-08-08 09:31:30,信阳市,start
161975,7984156205,2018-08-08 09:31:46,鹤壁市,end
161975,7984156205,2018-08-08 09:31:46,鹤壁市,end
161975,7984156205,2018-08-08 09:31:46,鹤壁市,end
148701,7985737800,2018-08-08 09:33:05,信阳市,end
148701,7985737800,2018-08-08 09:33:05,信阳市,end
148701,7985737800,2018-08-08 09:33:05,信阳市,end
96642,7985743335,2018-08-08 09:33:23,洛阳市,start
96642,7985743335,2018-08-08 09:33:24,洛阳市,end
96642,7985743335,2018-08-08 09:33:24,洛阳市,end
96642,7985743335,2018-08-08 09:33:24,洛阳市,end
161531,7985763749,2018-08-08 09:39:40,鹤壁市,start
161531,7985763749,2018-08-08 09:41:32,鹤壁市,end
161531,7985763749,2018-08-08 09:41:32,鹤壁市,end
161531,7985763749,2018-08-08 09:41:32,鹤壁市,end
132953,7985279767,2018-08-08 09:42:23,洛阳市,end
132953,7985279767,2018-08-08 09:42:23,洛阳市,end
132953,7985279767,2018-08-08 09:42:23,洛阳市,end
79204,7985779999,2018-08-08 09:43:38,安阳市,start
148702,7985782579,2018-08-08 09:44:34,信阳市,start
148702,7985782579,2018-08-08 09:44:42,信阳市,end
148702,7985782579,2018-08-08 09:44:42,信阳市,end
148702,7985782579,2018-08-08 09:44:42,信阳市,end
79204,7985779999,2018-08-08 09:45:14,安阳市,end
79204,7985779999,2018-08-08 09:45:14,安阳市,end
79204,7985779999,2018-08-08 09:45:14,安阳市,end
65077,7985730629,2018-08-08 09:46:29,三门峡市,end
65077,7985730629,2018-08-08 09:46:29,三门峡市,end
65077,7985730629,2018-08-08 09:46:29,三门峡市,end
161532,7985791208,2018-08-08 09:46:32,鹤壁市,start
103164,7985799704,2018-08-08 09:49:07,洛阳市,start
161532,7985791208,2018-08-08 09:49:44,鹤壁市,end
161532,7985791208,2018-08-08 09:49:44,鹤壁市,end
161532,7985791208,2018-08-08 09:49:44,鹤壁市,end
127835,7985807910,2018-08-08 09:50:53,洛阳市,start
65078,7985811045,2018-08-08 09:51:33,三门峡市,start
78751,7985815895,2018-08-08 09:53:10,安阳市,start
78325,7985815355,2018-08-08 09:53:10,安阳市,start
167252,7985819572,2018-08-08 09:54:45,新乡市,start
65078,7985811045,2018-08-08 09:55:09,三门峡市,end
65078,7985811045,2018-08-08 09:55:09,三门峡市,end
65078,7985811045,2018-08-08 09:55:09,三门峡市,end
167252,7985819572,2018-08-08 09:56:25,新乡市,end
167252,7985819572,2018-08-08 09:56:25,新乡市,end
167252,7985819572,2018-08-08 09:56:25,新乡市,end
78325,7985815355,2018-08-08 09:56:43,安阳市,end
78751,7985815895,2018-08-08 09:56:43,安阳市,end
78751,7985815895,2018-08-08 09:56:43,安阳市,end
78325,7985815355,2018-08-08 09:56:43,安阳市,end
78325,7985815355,2018-08-08 09:56:43,安阳市,end
78751,7985815895,2018-08-08 09:56:43,安阳市,end
148703,7985830277,2018-08-08 09:58:02,信阳市,start
148703,7985830277,2018-08-08 09:58:06,信阳市,end
148703,7985830277,2018-08-08 09:58:06,信阳市,end
148703,7985830277,2018-08-08 09:58:06,信阳市,end
159691,7984392890,2018-08-08 10:00:32,焦作市,end
159691,7984392890,2018-08-08 10:00:32,焦作市,end
159691,7984392890,2018-08-08 10:00:32,焦作市,end
161880,7985843091,2018-08-08 10:01:02,鹤壁市,start
149804,7985074434,2018-08-08 10:01:09,商丘市,end
149804,7985074434,2018-08-08 10:01:09,商丘市,end
149804,7985074434,2018-08-08 10:01:09,商丘市,end
159713,7985863779,2018-08-08 10:05:52,焦作市,start
79205,7985866591,2018-08-08 10:06:34,安阳市,start
159713,7985863779,2018-08-08 10:07:29,焦作市,end
159713,7985863779,2018-08-08 10:07:29,焦作市,end
159713,7985863779,2018-08-08 10:07:29,焦作市,end
65079,7985871404,2018-08-08 10:08:01,三门峡市,start
79205,7985866591,2018-08-08 10:08:15,安阳市,end
79205,7985866591,2018-08-08 10:08:15,安阳市,end
79205,7985866591,2018-08-08 10:08:15,安阳市,end
79206,7985896072,2018-08-08 10:14:30,安阳市,start
79206,7985896072,2018-08-08 10:16:19,安阳市,end
79206,7985896072,2018-08-08 10:16:19,安阳市,end
78341,7985902964,2018-08-08 10:16:19,安阳市,start
79206,7985896072,2018-08-08 10:16:19,安阳市,end
161545,7985908909,2018-08-08 10:17:57,鹤壁市,start
78341,7985902964,2018-08-08 10:17:58,安阳市,end
78341,7985902964,2018-08-08 10:17:58,安阳市,end
78341,7985902964,2018-08-08 10:17:58,安阳市,end
65079,7985871404,2018-08-08 10:18:57,三门峡市,end
65079,7985871404,2018-08-08 10:18:57,三门峡市,end
65079,7985871404,2018-08-08 10:18:57,三门峡市,end
161545,7985908909,2018-08-08 10:19:36,鹤壁市,end
161545,7985908909,2018-08-08 10:19:36,鹤壁市,end
161545,7985908909,2018-08-08 10:19:36,鹤壁市,end
65080,7985931485,2018-08-08 10:24:05,三门峡市,start
148704,7985934044,2018-08-08 10:25:01,信阳市,start
148704,7985934044,2018-08-08 10:25:09,信阳市,end
148704,7985934044,2018-08-08 10:25:09,信阳市,end
148704,7985934044,2018-08-08 10:25:09,信阳市,end
165740,7985934564,2018-08-08 10:25:24,新乡市,start
67961,7985937017,2018-08-08 10:25:40,安阳市,start
65080,7985931485,2018-08-08 10:26:53,三门峡市,end
65080,7985931485,2018-08-08 10:26:53,三门峡市,end
65080,7985931485,2018-08-08 10:26:53,三门峡市,end
67961,7985937017,2018-08-08 10:27:21,安阳市,end
67961,7985937017,2018-08-08 10:27:21,安阳市,end
67961,7985937017,2018-08-08 10:27:21,安阳市,end
167006,7985953749,2018-08-08 10:30:52,新乡市,start
170239,7985955218,2018-08-08 10:31:04,濮阳市,start
170239,7985955218,2018-08-08 10:31:05,濮阳市,end
170239,7985955218,2018-08-08 10:31:05,濮阳市,end
170239,7985955218,2018-08-08 10:31:05,濮阳市,end
170240,7985956916,2018-08-08 10:31:33,濮阳市,start
170233,7985956914,2018-08-08 10:31:33,濮阳市,start
170233,7985956914,2018-08-08 10:31:34,濮阳市,end
170240,7985956916,2018-08-08 10:31:34,濮阳市,end
170233,7985956914,2018-08-08 10:31:34,濮阳市,end
170233,7985956914,2018-08-08 10:31:34,濮阳市,end
170240,7985956916,2018-08-08 10:31:34,濮阳市,end
170240,7985956916,2018-08-08 10:31:34,濮阳市,end
166089,7985957649,2018-08-08 10:31:57,新乡市,start
103164,7985799704,2018-08-08 10:32:39,洛阳市,end
103164,7985799704,2018-08-08 10:32:39,洛阳市,end
103164,7985799704,2018-08-08 10:32:39,洛阳市,end
79207,7985965832,2018-08-08 10:33:47,安阳市,start
65081,7985965980,2018-08-08 10:34:01,三门峡市,start
167006,7985953749,2018-08-08 10:35:12,新乡市,end
167006,7985953749,2018-08-08 10:35:12,新乡市,end
167006,7985953749,2018-08-08 10:35:12,新乡市,end
79207,7985965832,2018-08-08 10:35:23,安阳市,end
79207,7985965832,2018-08-08 10:35:23,安阳市,end
79207,7985965832,2018-08-08 10:35:23,安阳市,end
165740,7985934564,2018-08-08 10:35:32,新乡市,end
165740,7985934564,2018-08-08 10:35:32,新乡市,end
165740,7985934564,2018-08-08 10:35:32,新乡市,end
65081,7985965980,2018-08-08 10:35:37,三门峡市,end
65081,7985965980,2018-08-08 10:35:37,三门峡市,end
65081,7985965980,2018-08-08 10:35:37,三门峡市,end
158327,7985965466,2018-08-08 10:35:51,焦作市,start
161880,7985843091,2018-08-08 10:37:30,鹤壁市,end
161880,7985843091,2018-08-08 10:37:30,鹤壁市,end
161880,7985843091,2018-08-08 10:37:30,鹤壁市,end
161552,7985970096,2018-08-08 10:37:48,鹤壁市,start
162106,7985970347,2018-08-08 10:38:01,鹤壁市,start
162106,7985970347,2018-08-08 10:38:02,鹤壁市,end
162106,7985970347,2018-08-08 10:38:02,鹤壁市,end
162106,7985970347,2018-08-08 10:38:02,鹤壁市,end
103166,7985970445,2018-08-08 10:38:07,洛阳市,start
171179,7985971525,2018-08-08 10:39:19,济源市,start
161552,7985970096,2018-08-08 10:39:36,鹤壁市,end
161552,7985970096,2018-08-08 10:39:36,鹤壁市,end
161552,7985970096,2018-08-08 10:39:36,鹤壁市,end
171179,7985971525,2018-08-08 10:40:55,济源市,end
171179,7985971525,2018-08-08 10:40:55,济源市,end
171179,7985971525,2018-08-08 10:40:55,济源市,end
65084,7985976282,2018-08-08 10:41:01,三门峡市,start
78354,7985987563,2018-08-08 10:42:18,安阳市,start
78773,7985987564,2018-08-08 10:42:18,安阳市,start
148705,7985987740,2018-08-08 10:42:21,信阳市,start
62518,7985994767,2018-08-08 10:43:02,三门峡市,start
62518,7985994767,2018-08-08 10:43:06,三门峡市,end
62518,7985994767,2018-08-08 10:43:06,三门峡市,end
62518,7985994767,2018-08-08 10:43:06,三门峡市,end
65084,7985976282,2018-08-08 10:43:09,三门峡市,end
65084,7985976282,2018-08-08 10:43:09,三门峡市,end
65084,7985976282,2018-08-08 10:43:09,三门峡市,end
79136,7985998843,2018-08-08 10:43:19,安阳市,start
79136,7985998843,2018-08-08 10:43:20,安阳市,end
79136,7985998843,2018-08-08 10:43:20,安阳市,end
79136,7985998843,2018-08-08 10:43:20,安阳市,end
78773,7985987564,2018-08-08 10:44:03,安阳市,end
78773,7985987564,2018-08-08 10:44:03,安阳市,end
78773,7985987564,2018-08-08 10:44:03,安阳市,end
127835,7985807910,2018-08-08 10:45:46,洛阳市,end
127835,7985807910,2018-08-08 10:45:46,洛阳市,end
127835,7985807910,2018-08-08 10:45:46,洛阳市,end
78354,7985987563,2018-08-08 10:45:50,安阳市,end
78354,7985987563,2018-08-08 10:45:50,安阳市,end
78354,7985987563,2018-08-08 10:45:50,安阳市,end
161554,7986025374,2018-08-08 10:48:52,鹤壁市,start
117229,7986026033,2018-08-08 10:49:05,洛阳市,start
148705,7985987740,2018-08-08 10:49:38,信阳市,end
148705,7985987740,2018-08-08 10:49:38,信阳市,end
148705,7985987740,2018-08-08 10:49:38,信阳市,end
62519,7986032453,2018-08-08 10:50:14,三门峡市,start
161554,7986025374,2018-08-08 10:50:33,鹤壁市,end
161554,7986025374,2018-08-08 10:50:33,鹤壁市,end
65088,7986034159,2018-08-08 10:50:33,三门峡市,start
161554,7986025374,2018-08-08 10:50:33,鹤壁市,end
62519,7986032453,2018-08-08 10:52:06,三门峡市,end
62519,7986032453,2018-08-08 10:52:06,三门峡市,end
62519,7986032453,2018-08-08 10:52:06,三门峡市,end
65088,7986034159,2018-08-08 10:52:13,三门峡市,end
65088,7986034159,2018-08-08 10:52:13,三门峡市,end
65088,7986034159,2018-08-08 10:52:13,三门峡市,end
152631,7986040494,2018-08-08 10:52:21,商丘市,start
166453,7986042597,2018-08-08 10:53:00,新乡市,start
79208,7986046037,2018-08-08 10:53:46,安阳市,start
152631,7986040494,2018-08-08 10:54:25,商丘市,end
152631,7986040494,2018-08-08 10:54:25,商丘市,end
152631,7986040494,2018-08-08 10:54:25,商丘市,end
79208,7986046037,2018-08-08 10:55:26,安阳市,end
79208,7986046037,2018-08-08 10:55:26,安阳市,end
79208,7986046037,2018-08-08 10:55:26,安阳市,end
65089,7986059449,2018-08-08 10:57:33,三门峡市,start
158327,7985965466,2018-08-08 10:57:59,焦作市,end
158327,7985965466,2018-08-08 10:57:59,焦作市,end
158327,7985965466,2018-08-08 10:57:59,焦作市,end
62520,7986062784,2018-08-08 10:58:26,三门峡市,start
65089,7986059449,2018-08-08 10:59:33,三门峡市,end
65089,7986059449,2018-08-08 10:59:33,三门峡市,end
65089,7986059449,2018-08-08 10:59:33,三门峡市,end
62520,7986062784,2018-08-08 11:00:06,三门峡市,end
62520,7986062784,2018-08-08 11:00:06,三门峡市,end
62520,7986062784,2018-08-08 11:00:06,三门峡市,end
60688,7986083944,2018-08-08 11:03:02,三门峡市,start
166089,7985957649,2018-08-08 11:03:41,新乡市,end
166089,7985957649,2018-08-08 11:03:41,新乡市,end
166089,7985957649,2018-08-08 11:03:41,新乡市,end
65090,7986090506,2018-08-08 11:05:01,三门峡市,start
84617,7986091924,2018-08-08 11:05:17,安阳市,start
84617,7986091924,2018-08-08 11:05:18,安阳市,end
84617,7986091924,2018-08-08 11:05:18,安阳市,end
84617,7986091924,2018-08-08 11:05:18,安阳市,end
60688,7986083944,2018-08-08 11:05:27,三门峡市,end
60688,7986083944,2018-08-08 11:05:27,三门峡市,end
60688,7986083944,2018-08-08 11:05:27,三门峡市,end
117229,7986026033,2018-08-08 11:08:41,洛阳市,end
117229,7986026033,2018-08-08 11:08:41,洛阳市,end
117229,7986026033,2018-08-08 11:08:41,洛阳市,end
166453,7986042597,2018-08-08 11:09:00,新乡市,end
166453,7986042597,2018-08-08 11:09:00,新乡市,end
166453,7986042597,2018-08-08 11:09:00,新乡市,end
130782,7986123709,2018-08-08 11:13:04,洛阳市,start
130782,7986123709,2018-08-08 11:15:07,洛阳市,end
130782,7986123709,2018-08-08 11:15:07,洛阳市,end
130782,7986123709,2018-08-08 11:15:07,洛阳市,end
65090,7986090506,2018-08-08 11:15:33,三门峡市,end
65090,7986090506,2018-08-08 11:15:33,三门峡市,end
65090,7986090506,2018-08-08 11:15:33,三门峡市,end
159455,7986136695,2018-08-08 11:15:53,焦作市,start
165687,7986145201,2018-08-08 11:17:53,新乡市,start
159455,7986136695,2018-08-08 11:20:17,焦作市,end
159455,7986136695,2018-08-08 11:20:17,焦作市,end
159455,7986136695,2018-08-08 11:20:17,焦作市,end
166071,7986191790,2018-08-08 11:29:30,新乡市,start
165687,7986145201,2018-08-08 11:31:32,新乡市,end
165687,7986145201,2018-08-08 11:31:32,新乡市,end
165687,7986145201,2018-08-08 11:31:32,新乡市,end
76233,7986219452,2018-08-08 11:36:03,安阳市,start
65091,7986226796,2018-08-08 11:37:33,三门峡市,start
76233,7986219452,2018-08-08 11:37:56,安阳市,end
76233,7986219452,2018-08-08 11:37:56,安阳市,end
76233,7986219452,2018-08-08 11:37:56,安阳市,end
103166,7985970445,2018-08-08 11:40:07,洛阳市,end
103166,7985970445,2018-08-08 11:40:07,洛阳市,end
103166,7985970445,2018-08-08 11:40:07,洛阳市,end
76234,7986242089,2018-08-08 11:41:03,安阳市,start
97826,7986244193,2018-08-08 11:41:35,洛阳市,start
65091,7986226796,2018-08-08 11:43:09,三门峡市,end
65091,7986226796,2018-08-08 11:43:09,三门峡市,end
71800,7983538916,2018-08-08 11:43:09,安阳市,end
71800,7983538916,2018-08-08 11:43:09,安阳市,end
65091,7986226796,2018-08-08 11:43:09,三门峡市,end
71800,7983538916,2018-08-08 11:43:09,安阳市,end
76234,7986242089,2018-08-08 11:43:12,安阳市,end
76234,7986242089,2018-08-08 11:43:12,安阳市,end
76234,7986242089,2018-08-08 11:43:12,安阳市,end
79209,7986252076,2018-08-08 11:43:43,安阳市,start
71768,7983538915,2018-08-08 11:44:40,安阳市,end
71768,7983538915,2018-08-08 11:44:40,安阳市,end
71768,7983538915,2018-08-08 11:44:40,安阳市,end
107530,7986258172,2018-08-08 11:45:07,洛阳市,start
79209,7986252076,2018-08-08 11:45:34,安阳市,end
79209,7986252076,2018-08-08 11:45:34,安阳市,end
166071,7986191790,2018-08-08 11:45:34,新乡市,end
79209,7986252076,2018-08-08 11:45:34,安阳市,end
166071,7986191790,2018-08-08 11:45:34,新乡市,end
166071,7986191790,2018-08-08 11:45:34,新乡市,end
103169,7986260117,2018-08-08 11:45:35,洛阳市,start
103169,7986260117,2018-08-08 11:45:36,洛阳市,end
103169,7986260117,2018-08-08 11:45:36,洛阳市,end
103169,7986260117,2018-08-08 11:45:36,洛阳市,end
97826,7986244193,2018-08-08 11:45:43,洛阳市,end
97826,7986244193,2018-08-08 11:45:43,洛阳市,end
97826,7986244193,2018-08-08 11:45:43,洛阳市,end
79210,7986277988,2018-08-08 11:49:50,安阳市,start
161523,7986278274,2018-08-08 11:50:02,鹤壁市,start
161523,7986278274,2018-08-08 11:50:03,鹤壁市,end
161523,7986278274,2018-08-08 11:50:03,鹤壁市,end
161523,7986278274,2018-08-08 11:50:03,鹤壁市,end
107530,7986258172,2018-08-08 11:51:07,洛阳市,end
107530,7986258172,2018-08-08 11:51:07,洛阳市,end
107530,7986258172,2018-08-08 11:51:07,洛阳市,end
79210,7986277988,2018-08-08 11:51:35,安阳市,end
79210,7986277988,2018-08-08 11:51:35,安阳市,end
79210,7986277988,2018-08-08 11:51:35,安阳市,end
